{
    "providers": [
        {
            "type": "bitmap",
            "file": "minecraft:font/sp_legacy.png",
            "ascent": 7,
            "chars": [
                "\u021d\u0224\u0225\u02d9\ua75a\ua75b\u2011\u214b\u23cf\u23e9\u23ea\u23ed\u23ee\u23ef\u23f4\u23f5",
                "\u23f6\u23f7\u23f8\u23f9\u23fa\u23fb\u23fc\u23fd\u2b58\u25b2\u25b6\u25bc\u25c0\u25cf\u25e6\u25d8",
                "\u2693\u26e8\u0132\u0133\u01c9\ua728\ua729\ua739\ua73b\ufb00\ufb01\ufb02\ufb03\ufb05\ufffd\u0535",
                "\u054a\u16a0\u16a2\u16a3\u16a4\u16a5\u16a6\u16a7\u16a8\u16a9\u16aa\u16ab\u16ac\u16ad\u16ae\u16af",
                "\u16b0\u16b1\u16b2\u16b3\u16b4\u16b6\u16b7\u16b8\u16b9\u16ba\u16bb\u16bc\u16bd\u16be\u16bf\u16c0",
                "\u16c1\u16c2\u16c3\u16c4\u16c5\u16c6\u16c7\u16c8\u16c9\u16ca\u16cb\u16cc\u16cd\u16ce\u16cf\u16d0",
                "\u16d1\u16d2\u16d3\u16d4\u16d5\u16d6\u16d7\u16d8\u16d9\u16da\u16db\u16dc\u16dd\u16de\u16df\u16e0",
                "\u16e1\u16e2\u16e3\u16e4\u16e5\u16e6\u16e7\u16e8\u16e9\u16ea\u16eb\u16ec\u16ed\u16ee\u16ef\u16f0",
                "\u16f1\u16f2\u16f3\u16f4\u16f5\u16f6\u0000\u0000\u0000\u0000\u0000\u0000\u0000\u0000\u0000\u0000"
            ]
        },
{
            "type": "bitmap",
            "file": "minecraft:font/sp.png",
            "ascent": 7,
            "chars": [
                "\udb86\udd00\udb86\udd01\udb86\udd02\udb86\udd03\udb86\udd04\udb86\udd05\udb86\udd06\udb86\udd07\udb86\udd08\udb86\udd09\udb86\udd0a\udb86\udd0b\udb86\udd0c\udb86\udd0d\udb86\udd0e\udb86\udd0f",
                "\udb86\udd10\udb86\udd11\udb86\udd12\udb86\udd13\udb86\udd14\udb86\udd15\udb86\udd16\udb86\udd17\udb86\udd18\udb86\udd19\udb86\udd1a\udb86\udd1b\udb86\udd1c\udb86\udd1d\udb86\udd1e\udb86\udd1f",
                "\udb86\udd20\udb86\udd21\udb86\udd22\udb86\udd23\udb86\udd24\udb86\udd25\udb86\udd26\udb86\udd27\udb86\udd28\udb86\udd29\udb86\udd2a\udb86\udd2b\udb86\udd2c\udb86\udd2d\udb86\udd2e\udb86\udd2f",
                "\udb86\udd30\udb86\udd31\udb86\udd32\udb86\udd33\udb86\udd34\udb86\udd35\udb86\udd36\udb86\udd37\udb86\udd38\udb86\udd39\udb86\udd3a\udb86\udd3b\udb86\udd3c\udb86\udd3d\udb86\udd3e\udb86\udd3f",
                "\udb86\udd40\udb86\udd41\udb86\udd42\udb86\udd43\udb86\udd44\udb86\udd45\udb86\udd46\udb86\udd47\udb86\udd48\udb86\udd49\udb86\udd4a\udb86\udd4b\udb86\udd4c\udb86\udd4d\udb86\udd4e\udb86\udd4f",
                "\udb86\udd50\udb86\udd51\udb86\udd52\udb86\udd53\udb86\udd54\udb86\udd55\udb86\udd56\udb86\udd57\udb86\udd58\udb86\udd59\udb86\udd5a\udb86\udd5b\udb86\udd5c\udb86\udd5d\udb86\udd5e\udb86\udd5f",
                "\udb86\udd60\udb86\udd61\udb86\udd62\udb86\udd63\udb86\udd64\udb86\udd65\udb86\udd66\udb86\udd67\udb86\udd68\udb86\udd69\udb86\udd6a\udb86\udd6b\udb86\udd6c\udb86\udd6d\udb86\udd6e\udb86\udd6f",
                "\udb86\udd70\udb86\udd71\udb86\udd72\udb86\udd73\udb86\udd74\udb86\udd75\udb86\udd76\udb86\udd77\udb86\udd78\udb86\udd79\udb86\udd7a\udb86\udd7b\udb86\udd7c\udb86\udd7d\udb86\udd7e\udb86\udd7f",
                "\udb86\udd80\udb86\udd81\udb86\udd82\udb86\udd83\udb86\udd84\udb86\udd85\udb86\udd86\udb86\udd87\udb86\udd88\udb86\udd90\udb86\udd91\udb86\udd92\u0000\u0000\u3000\uFF0E"
            ]
        }
    ]
}
